id,location_id,attention,address_1,address_2,address_3,address_4,city,region,state_province,postal_code,country
1,,1,"1205 W Clark St",,,,Urbana,,IL,61801,231
6149,,,"Illinois Insurance Association",,,,Springfield,Sangamon,IL,62701,231
6150,,,"No Street Address Available",,,,Springfield,Sangamon,IL,62705,231
6151,,,"3141B N. Lincoln Avenue",,,,Chicago,Cook,IL,60657,231
6152,,,"1320 W. Commerce Drive, Suite 800",,,,Peoria,Peoria,IL,616151462,231
6153,,,"No Street Address Available",,,,Houston,Harris,TX,77270,231
6154,,,"1220 L Street N.W., Suite 500",,,,Washington,,DC,20005,231
6155,,,"2211 N. Oak Park Avenue",,,,Chicago,Cook,IL,60707,231
6156,,,"1003 Maple Hill Road",,,,Bloomington,McLean,IL,617059327,231
6157,,,"2404 E. Empire",,,,Bloomington,McLean,IL,61704,231
6158,,,"20 Timber Pointe Lane",,,,Hudson,McLean,IL,61748,231
6159,,,"No Street Address Available",,,,Washington,"District of Columbia",DC,20036,231
6160,,,"No Street Address Available",,,,"Los Angeles","Los Angeles",CA,90017,231
6161,,,"2141 W. White Oaks Drive, Suite A",,,,Springfield,Sangamon,IL,62704,231
6162,,,"160 N. LaSalle Street, Suite S500",,,,Chicago,Cook,IL,60601,231
6163,,,"2814 Scarborough Street",,,,Bloomington,McLean,IL,61705,231
6164,,,"No Street Address Available",,,,Bloomington,McLean,IL,61701,231
6165,,,"1020 S. Spring Street",,,,Springfield,Sangamon,IL,62704,231
6166,,,"954 W. Washington Boulevard, Suite 305",,,,Chicago,Cook,IL,60607,231
6167,,,"212 W. Borman Avenue",,,,Rantoul,Champaign,IL,61866,231
6168,,,"3000 Kelly Lane",,,,Springfield,Sangamon,IL,62711,231
6169,,,"2254 Oakland Drive",,,,Sycamore,DeKalb,IL,60178,231
6170,,,"511 E. John Carpenter Freeway, Suite 700",,,,Irving,Dallas,TX,75062,231
6171,,,"311 W. John H. Gwynn Jr. Avenue",,,,Peoria,Peoria,IL,61605,231
6172,,,"300 S. Second Street",,,,Springfield,Sangamon,IL,62701,231
6173,,,"One Broadway, Suite B210",,,,Denver,Denver,CO,80203,231
6174,,,"655 Beach Street",,,,"San Francisco","San Francisco",CA,94109,231
6175,,,"705 E. Lincoln Street, Suite 303",,,,Normal,McLean,IL,61761,231
6176,,,"220 N. Green Street",,,,Chicago,Cook,IL,60607,231
6177,,,"1307 N. Mattis Avenue",,,,Champaign,Champaign,IL,61821,231
6178,,,"6075 Zenith Court NE",,,,"Rio Rancho",Sandoval,NM,871446424,231
6179,,,"MRC Community Building Center",,,,Normal,McLean,IL,61761,231
6180,,,"1800 N. Main Street, Suite 215",,,,Wheaton,DuPage,IL,60187,231
6181,,,"201 E. Grove Street, Suite 200",,,,Bloomington,McLean,IL,61701,231
6182,,,"809 W. Church Street",,,,Champaign,Champaign,IL,61820,231
6183,,,"694 Castle Drive",,,,Charleston,Coles,IL,61920,231
6184,,,"302 E. Stoughton Street",,,,Champaign,Champaign,IL,618205414,231
6185,,,"4415 W. Harrison Street, Suite 535",,,,Hillside,Cook,IL,60162,231
6186,,,"275 Seventh Avenue",,,,"New York","New York",NY,10001,231
6187,,,"2900 Rocky Point Drive",,,,Tampa,Hillsborough,FL,33607,231
6188,,,"2060 State Highway 595",,,,Lindrith,"Rio Arriba",NM,87029,231
6189,,,"3 Henson Place, Suite 1",,,,Champaign,Champaign,IL,61820,231
6190,,,"5750 Major Boulevard, Suite 300",,,,Orlando,Orange,FL,32819,231
6191,,,"205 W. Monroe Street, Suite 310",,,,Chicago,Cook,IL,60606,231
6192,,,"2720 E. Lincoln",,,,Bloomington,McLean,IL,61704,231
6193,,,"Bldg. 1070",,,,"San Antonio",BEXAR,TX,78234,231
6194,,,"901 Southwind Drive",,,,Springfield,Sangamon,IL,62703,231
6195,,,"101 SW Madison Street",,,,Portland,,OR,97207,231
6196,,,"2800 Montvale Drive",,,,Springfield,Sangamon,IL,62704,231
6197,,,"3001 Montvale Drive, Suite A",,,,Springfield,Sangamon,IL,62704,231
6198,,,"1801 Fox Drive",,,,Champaign,Champaign,IL,61820,231
6199,,,"No Street Address Available",,,,"West Hollywood","Los Angeles",CA,90069,231
6200,,,"8100 N. University",,,,Peoria,Peoria,IL,61615,231
6201,,,"510 Devonshire Drive, Suite A",,,,Champaign,Champaign,IL,618207306,231
6202,,,"706 Arcadia Drive #8",,,,Bloomington,McLean,IL,61704,231
6203,,,"304 N. Maple, Suite 202",,,,Urbana,Champaign,IL,61802,231
6204,,,"180 N. Michigan Avenue, Suite 2300",,,,Chicago,Cook,IL,60601,231
6205,,,"1809 Woodfield Drive",,,,Savoy,Champaign,IL,61874,231
6206,,,"1703 N. Beauregard St.",,,,Alexandria,,VA,22311,231
6207,,,"55 E. Erie, Suite 2905",,,,Chicago,Cook,IL,60611,231
6208,,,"601 E Street, NW",,,,Washington,"District of Columbia",DC,20049,231
6209,,,"1901 S. 4th Street, Suite 209",,,,Effingham,Effingham,IL,62401,231
6210,,,"3573 S. Waverly Road",,,,"Eaton Rapids",Eaton,MI,48827,231
6211,,,"101 Madigan Drive",,,,Lincoln,Logan,IL,62656,231
6212,,,"No Street Address Available",,,,"Shawnee Mission",Johnson,KS,66201,231
6213,,,"1600 Clifton Road",,,,Atlanta,DeKalb,GA,303294027,231
6214,,,"406 E. Monroe Street",,,,Springfield,Sangamon,IL,627011498,231
6215,,,"No Street Address Available",,,,Champaign,Champaign,IL,61826,231
6216,,,"One Natural Resources Way, Suite 100",,,,Springfield,Sangamon,IL,627021271,231
6217,,,"14100 Crawford Street",,,,"Boys Town",Douglas,NE,68010,231
6218,,,"833 W. Jackson Boulevard",,,,Chicago,Cook,IL,60607,231
6219,,,"4340 East-West Highway, Suite 350",,,,Bethesda,Montgomery,MD,208143067,231
6220,,,"Al-Anon Family Group Headquarters, Inc",,,,"Virginia Beach","Virginia Beach City",VA,23454,231
6221,,,"1307 N. Mattis Avenue",,,,Champaign,Champaign,IL,61826,231
6222,,,"3301 Farber Drive",,,,Champaign,Champaign,IL,61822,231
6223,,,"109 W. North Street",,,,Danville,Vermilion,IL,61832,231
6224,,,"1801 W. Windsor Road",,,,Champaign,Champaign,IL,61821,231
6225,,,"600 E. University Avenue",,,,Urbana,Champaign,IL,61802,231
6226,,,"121 E Congress, Suite C",,,,Rantoul,Champaign,IL,61866,231
6227,,,"205 N. Race Street",,,,Urbana,Champaign,IL,61803,231
6228,,,"1304 W. Bradley Avenue",,,,Champaign,Champaign,IL,61821,231
6229,,,"1817 S. Neil Street, Suite 100",,,,Champaign,Champaign,IL,61820,231
6230,,,"1905 E. Main Street",,,,Urbana,Champaign,IL,61802,231
6231,,,"101 E. Main Street, 2nd Floor",,,,Urbana,Champaign,IL,61801,231
6232,,,"401 Burwash Avenue",,,,Savoy,Champaign,IL,61874,231
6233,,,"3900 Kearns Drive",,,,Champaign,Champaign,IL,61826,231
6234,,,"1400 W. Park Street",,,,Urbana,Champaign,IL,61801,231
6235,,,"102 N. Neil Street",,,,Champaign,Champaign,IL,61820,231
6236,,,"53 Logan Street",,,,Champaign,Champaign,IL,61820,231
6237,,,"3656 N. Halsted Street",,,,Chicago,Cook,IL,60613,231
6238,,,"799 Roosevelt Road, Building 4",,,,"Glen Ellyn",DuPage,IL,601375908,231
6239,,,"508 E. Church Street",,,,Champaign,Champaign,IL,61820,231
6240,,,"4700 N. University Street, Suite 91",,,,Peoria,Peoria,IL,616145849,231
6241,,,"No Street Address Available",,,,"New Paltz",Ulster,NY,12561,231
6242,,,"3290 Pine Orchard Lane, Suite 106",,,,"Ellicott City",Howard,MD,21042,231
6243,,,"No Street Address Available",,,,Chicago,Cook,IL,60630,231
6244,,,"1 Natural Resources Way, Suite 100",,,,Springfield,Sangamon,IL,627021271,231
6245,,,"309 N. Franklin Street",,,,Danville,Vermilion,IL,61832,231
6246,,,"405 S. State Street",,,,Champaign,Champaign,IL,61820,231
6247,,,"1000 Jorie Boulevard, Suite 140",,,,"Oak Brook",DuPage,IL,60523,231
6248,,,"3358 Big Pine Trail",,,,Champaign,Champaign,IL,61822,231
6249,,,"Mental Health Association New York City",,,,"New York","New York",NY,10004,231
6250,,,"2008 N. Market Street",,,,Champaign,Champaign,IL,61822,231
6251,,,"No Street Address Available",,,,Springfield,Sangamon,IL,62794,231
6252,,,"312 S. 4th Street, Suite 200",,,,Springfield,Sangamon,IL,62701,231
6253,,,"406 E. Monroe Street",,,,Springfield,Sangamon,IL,627011498,231
6254,,,"508 S. Race Street",,,,Urbana,Champaign,IL,61801,231
6255,,,"705 N. Country Fair Drive",,,,Champaign,Champaign,IL,61821,231
6256,,,"401 S. Clinton, 7th Floor",,,,Chicago,Cook,IL,60607,231
6257,,,"2 North Road, Suite A",,,,Chester,Morris,NJ,7930,231
6258,,,"949 County Road 1300 N.",,,,Carmi,White,IL,62821,231
6259,,,"PO Box 220009",,,,Milwaukie,Clackamas,OR,97269,231
6260,,,"4000 Luxottica Place",,,,Mason,Warren,OH,45040,231
6261,,,"1900 E. Main Street",,,,Danville,Vermilion,IL,61832,231
6262,,,"1755 Lake Cook Road",,,,Deerfield,Lake,IL,600155209,231
6263,,,"9700 Health Care Lane",,,,Minnetonka,Hennepin,MN,55343,231
6264,,,"456 Wylie Drive",,,,Normal,McLean,IL,61761,231
6265,,,"2540 King Arthur Boulevard",,,,Lewisville,Denton,TX,75067,231
6266,,,"301 S. Vine Street",,,,Urbana,Champaign,IL,61801,231
6267,,,"No Street Address Available",,,,"Saint Paul",Ramsey,MN,551040245,231
6268,,,"3444 W. Dundee Road",,,,Northbrook,Cook,IL,60062,231
6269,,,"1 W. Old State Capital Plaza, Suite 721",,,,Springfield,Sangamon,IL,627011374,231
6270,,,"17314 S. Kedzie Avenue",,,,"Hazel Crest",Cook,IL,60429,231
6271,,,"535 W. Jefferson Street",,,,Springfield,Sangamon,IL,62761,231
6272,,,"220 W. Huron Street, Suite 4003",,,,Chicago,Cook,IL,60654,231
6273,,,"702 W. Chestnut Street",,,,Bloomington,McLean,IL,61701,231
6274,,,"No Street Address Available",,,,Champaign,Champaign,IL,61826,231
6275,,,"1701 N. Bowman Avenue",,,,Danville,Vermilion,IL,61832,231
6276,,,"610 N. 7th Street",,,,Springfield,Sangamon,IL,62702,231
6277,,,"5230 S. Sixth Street Road",,,,Springfield,Sangamon,IL,62703,231
6278,,,"806 S. College Street",,,,Springfield,Sangamon,IL,62703,231
6279,,,"4243 Lincolnshire Drive",,,,"Mount Vernon",Jefferson,IL,62864,231
6280,,,"Eastern Regional Office",,,,Champaign,Champaign,IL,61820,231
6281,,,"1 W. Old State Capital Plaza, Suite 816",,,,Springfield,Sangamon,IL,62701,231
6282,,,"Byerly Aviation, Suite 302",,,,Peoria,Peoria,IL,61607,231
6283,,,"905 S. Goodwin Avenue",,,,Urbana,Champaign,IL,61801,231
6284,,,"1115 N. State Street, Room 124",,,,Monticello,Piatt,IL,61856,231
6285,,,"206 N. Randolph Street, M102",,,,Champaign,Champaign,IL,61821,231
6286,,,"3656 N. Halsted",,,,Chicago,Cook,IL,60613,231
6287,,,"100 N. First Street, W-101",,,,Springfield,Sangamon,IL,62777,231
6288,,,"17 N. State Street, Suite 650",,,,Chicago,Cook,IL,60602,231
6289,,,"701 Lee Street, Suite 670",,,,"Des Plaines",Cook,IL,60016,231
6290,,,"No Street Address Available",,,,Torrance,"Los Angeles",CA,90510,231
6291,,,"100 Morrissey Boulevard, 3rd Floor",,,,Boston,Suffolk,MA,21253393,231
6292,,,"1016 W. Pershing",,,,Decatur,Macon,IL,62526,231
6293,,,"2110 W. Park Court, Suite A",,,,Champaign,Champaign,IL,618212986,231
6294,,,"4501 N. Sterling Avenue, Suite 101",,,,Peoria,Peoria,IL,61615,231
6295,,,"1720 Philo Road",,,,Urbana,Champaign,IL,61801,231
6296,,,"810 7th Street NW",,,,Washington,"District of Columbia",DC,20531,231
6297,,,"101 S. Country Fair Drive",,,,Champaign,Champaign,IL,61821,231
6298,,,"No Street Address Available",,,,Champaign,Champaign,IL,61820,231
6299,,,"1905 W. Springfield Avenue",,,,Champaign,Champaign,IL,61821,231
6300,,,"205 E. Wilber Avenue",,,,Champaign,Champaign,IL,61824,231
6301,,,"153 N. Vermilion Street",,,,Danville,Vermilion,IL,61832,231
6302,,,"1317 E. Florida Avenue",,,,Urbana,Champaign,IL,618016007,231
6303,,,"812 N. Logan Avenue",,,,Danville,Vermilion,IL,61832,231
6304,,,"No Street Address Available",,,,Urbana,Champaign,IL,61801,231
6305,,,"819 Bloomington Road",,,,Champaign,Champaign,IL,61820,231
6306,,,"No Street Address Available",,,,Champaign,Champaign,IL,61821,231
6307,,,"1911 E. Main Street",,,,Urbana,Champaign,IL,61802,231
6308,,,"400 S. Art Bartell Road",,,,Urbana,Champaign,IL,61802,231
6309,,,"500 S. Art Bartell Road",,,,Urbana,Champaign,IL,61802,231
6310,,,"201 W. Springfield Avenue, Suite 702",,,,Champaign,Champaign,IL,61820,231
6311,,,"201 W. Kenyon Road",,,,Champaign,Champaign,IL,61820,231
6312,,,"1311 W. Church Street",,,,Champaign,Champaign,IL,61821,231
6313,,,"504 E. Pennsylvania Avenue, Room 241",,,,Champaign,Champaign,IL,61820,231
6314,,,"201 W. Kenyon Road, Suite 4D",,,,Champaign,Champaign,IL,61820,231
6315,,,"610 E. John Street",,,,Champaign,Champaign,IL,61820,231
6316,,,"2202 E. Washington Street",,,,Urbana,Champaign,IL,61802,231
6317,,,"116 N First Street",,,,Champaign,Champaign,IL,61820,231
6318,,,"2400 W. Bradley Avenue, Room L148",,,,Champaign,Champaign,IL,61821,231
6319,,,"1400 W. Park Street",,,,Urbana,Champaign,IL,61801,231
6320,,,"1304 W. Bradley Avenue",,,,Champaign,Champaign,IL,61821,231
6321,,,"303 W. Kirby Avenue",,,,Champaign,Champaign,IL,61820,231
6322,,,"208 W. University Avenue",,,,Champaign,Champaign,IL,61820,231
6323,,,"1400 W Park St",,,,Urbana,Champaign,IL,61801,231
6324,,,"1502 E. Florida Avenue",,,,Urbana,Champaign,IL,61802,231
6325,,,"313 S. Prospect Avenue",,,,Champaign,Champaign,IL,61820,231
6326,,,"208 W. John Street",,,,Champaign,Champaign,IL,61820,231
6327,,,"1311 W. Church Street",,,,Champaign,Champaign,IL,61821,231
6328,,,"405 W. Clark Street",,,,Champaign,Champaign,IL,61820,231
6329,,,"306 W. Griggs Street",,,,Urbana,Champaign,IL,618012676,231
6330,,,"801 N. Country Fair Drive",,,,Champaign,Champaign,IL,61825,231
6331,,,"82 E. University Avenue",,,,Champaign,Champaign,IL,61820,231
6332,,,"No Street Address Available",,,,Mahomet,Champaign,IL,61853,231
6333,,,"213 N. Central Avenue",,,,Urbana,Champaign,IL,61801,231
6334,,,"102 E. Main Street, Suite 207",,,,Urbana,Champaign,IL,61801,231
6335,,,"No Street Address Available",,,,Champaign,Champaign,IL,61820,231
6336,,,"403 S. Wright Street",,,,Champaign,Champaign,IL,61820,231
6337,,,"2400 W. Bradley Avenue",,,,Champaign,Champaign,IL,618211899,231
6338,,,"505 E. Green Street, 3rd Floor",,,,Champaign,Champaign,IL,61820,231
6339,,,"3011A Village Office Place",,,,Champaign,Champaign,IL,61822,231
6340,,,"1213 Parkland Court",,,,Champaign,Champaign,IL,61821,231
6341,,,"201 W. Kenyon Road",,,,Champaign,Champaign,IL,61820,231
6342,,,"1819 South Philo Drive",,,,Urbana,Champaign,IL,61802,231
6343,,,"708 W. Main Street",,,,Urbana,Champaign,IL,61801,231
6344,,,"1805 S. Cottage Grove Avenue",,,,Urbana,Champaign,IL,61801,231
6345,,,"610 E. John Street",,,,Champaign,Champaign,IL,61820,231
6346,,,"505 W. Stoughton Street",,,,Urbana,Champaign,IL,61801,231
6347,,,"5 Dunlap Court",,,,Savoy,Champaign,IL,61874,231
6348,,,"801 N. Country Fair Drive, Suite D",,,,Champaign,Champaign,IL,61821,231
6349,,,"211 N. Race Street",,,,Urbana,Champaign,IL,61801,231
6350,,,"202 S. Broadway",,,,Urbana,Champaign,IL,61801,231
6351,,,"400 S. Vine Street",,,,Urbana,Champaign,IL,61801,231
6352,,,"210 W. Green Street",,,,Urbana,Champaign,IL,61801,231
6353,,,"400 S. Vine Street",,,,Urbana,Champaign,IL,61801,231
6354,,,"205 N. Race Street",,,,Urbana,Champaign,IL,618013039,231
6355,,,"2312 E. Perkins Road",,,,Urbana,Champaign,IL,61802,231
6356,,,"611 W. Park Street",,,,Urbana,Champaign,IL,61801,231
6357,,,"1701 W. Curtis Road",,,,Champaign,Champaign,IL,61822,231
6358,,,"1818 E. Windsor Road",,,,Urbana,Champaign,IL,61802,231
6359,,,"1813 W. Kirby Avenue",,,,Champaign,Champaign,IL,61821,231
6360,,,"206 W. Anthony Drive, Suite A",,,,Champaign,Champaign,IL,61822,231
6361,,,"805 W. Park Street",,,,Urbana,Champaign,IL,61801,231
6362,,,"1315A Curt Drive",,,,Champaign,Champaign,IL,61821,231
6363,,,"301 S. Vine Street, Suite 210",,,,Urbana,Champaign,IL,61801,231
6364,,,"44 E. Main Street, Suite 208",,,,Champaign,Champaign,IL,61820,231
6365,,,"251 E. Northwest Highway",,,,Palatine,Cook,IL,60067,231
6366,,,"1776 E. Washington Street",,,,Urbana,Champaign,IL,61802,231
6367,,,"1776 E. Washington Street",,,,Urbana,Champaign,IL,61802,231
6368,,,"200 W. Green Street",,,,Champaign,Champaign,IL,61820,231
6369,,,"504 E. Grove Street",,,,Champaign,Champaign,IL,61820,231
6370,,,"1307 N. Mattis Avenue",,,,Champaign,Champaign,IL,61821,231
6371,,,"609 W. Washington Street",,,,Champaign,Champaign,IL,61820,231
6372,,,"70 E. Washington",,,,Champaign,Champaign,IL,61820,231
6373,,,"205 W. Green Street",,,,Urbana,Champaign,IL,61801,231
6374,,,"520 E. Wabash Avenue, Suite 1",,,,Rantoul,Champaign,IL,61866,231
6375,,,"310 W. Church Street, Suite 103",,,,Champaign,Champaign,IL,61820,231
6376,,,"2011 Round Barn Road",,,,Champaign,Champaign,IL,61821,231
6377,,,"2408 Cherry Hills Drive",,,,Champaign,Champaign,IL,61820,231
6378,,,"700 W. Main Street",,,,Mahomet,Champaign,IL,61853,231
6379,,,"807 N. Mattis Avenue",,,,Champaign,Champaign,IL,61821,231
6380,,,"1002 S. Race Street",,,,Urbana,Champaign,IL,61801,231
6381,,,"2501 Fields South Drive",,,,Champaign,Champaign,IL,61822,231
6382,,,"1203 W. Green Street",,,,Urbana,Champaign,IL,61801,231
6383,,,"819 Bloomington Road",,,,Champaign,Champaign,IL,61820,231
6384,,,"819 Bloomington Road",,,,Champaign,Champaign,IL,61820,231
6385,,,"136 W Main St",,,,Urbana,Champaign,IL,61801,231
6386,,,"1802 N. Lincoln Avenue",,,,Urbana,Champaign,IL,61801,231
6387,,,"2502 S. Race Street",,,,Urbana,Champaign,IL,61801,231
6388,,,"201 W. Springfield Avenue, Suite 206",,,,Champaign,Champaign,IL,61820,231
6389,,,"1309 W. Hill Street",,,,Urbana,Champaign,IL,61801,231
6390,,,"912 W. Anthony Drive",,,,Champaign,Champaign,IL,61821,231
6391,,,"2212 N. Market Street",,,,Champaign,Champaign,IL,61822,231
6392,,,"1005 Christopher Hall",,,,Urbana,Champaign,IL,61801,231
6393,,,"44 E. Main Street, Room 208",,,,Champaign,Champaign,IL,61820,231
6394,,,"45 E. University Avenue",,,,Champaign,Champaign,IL,61820,231
6395,,,"44 E. Main, Suite 419",,,,Champaign,Champaign,IL,61820,231
6396,,,"400 S. Vine Street",,,,Urbana,Champaign,IL,61801,231
6397,,,"2012 Round Barn Road",,,,Champaign,Champaign,IL,61821,231
6398,,,"421 S. Murray Road",,,,Rantoul,Champaign,IL,61866,231
6399,,,"204 E. Main Street",,,,Urbana,Champaign,IL,61801,231
6400,,,"No Street Address Available",,,,"Wake Forest",Wake,NC,27588,231
6401,,,"400 S. Vine Street",,,,Urbana,Champaign,IL,61801,231
6402,,,"2001 Round Barn Road",,,,Champaign,Champaign,IL,61820,231
6403,,,"520 E. Wabash Drive",,,,Rantoul,Champaign,IL,61866,231
6404,,,"555 S. Maplewood Drive",,,,Rantoul,Champaign,IL,61866,231
6405,,,"1800 Woodfield Drive",,,,Savoy,Champaign,IL,61874,231
6406,,,"201 E. Park Street",,,,Champaign,Champaign,IL,61820,231
6407,,,"1021 North Grand Avenue East",,,,Springfield,Sangamon,IL,62794,231
6408,,,"904 N. Gilbert Street",,,,Danville,Vermilion,IL,61832,231
6409,,,"119 E. University Avenue",,,,Champaign,Champaign,IL,61820,231
6410,,,"No Street Address Available",,,,Champaign,Champaign,IL,61820,231
6411,,,"2110 W. Park Court, Suite B",,,,Champaign,Champaign,IL,618212986,231
6412,,,"310 W. Church Street",,,,Champaign,Champaign,IL,61820,231
6413,,,"2509 S. Neil Street",,,,Champaign,Champaign,IL,61820,231
6414,,,"1776 E. Washington Street",,,,Urbana,Champaign,IL,61802,231
6415,,,"1905 Prairie Winds Drive",,,,Urbana,Champaign,IL,61802,231
6416,,,"422 E. 4th South Street",,,,Arcola,Douglas,IL,61910,231
6417,,,"1315 Curt Drive",,,,Champaign,Champaign,IL,61820,231
6418,,,"418 S. Memorial Park Road",,,,Newman,Douglas,IL,61942,231
6419,,,"8914 N. Prairie Pointe",,,,Peoria,Peoria,IL,61615,231
6420,,,"201 W Kenyon Road",,,,Champaign,Champaign,IL,61820,231
6421,,,"806 N. Logan Avenue",,,,Danville,Vermilion,IL,61832,231
6422,,,"800 N. Logan Avenue",,,,Danville,Vermilion,IL,61832,231
6423,,,"403 N. Fourth Street",,,,Danforth,Iroquois,IL,60930,231
6424,,,"2400 W. Bradley Avenue",,,,Champaign,Champaign,IL,61822,231
6425,,,"2319 E. Memorial Drive",,,,Peoria,Peoria,IL,61614,231
6426,,,"1400 W. Park Street",,,,Urbana,Champaign,IL,61801,231
6427,,,"333 S. Tanner",,,,Rantoul,Champaign,IL,61866,231
6428,,,"503 E. Main Street",,,,Mahomet,Champaign,IL,61853,231
6429,,,"1776 E. Washington Street",,,,Urbana,Champaign,IL,61802,231
6430,,,"1905 E. Main Street",,,,Urbana,Champaign,IL,61802,231
6431,,,"109 E. Grove Avenue",,,,Rantoul,Champaign,IL,61866,231
6432,,,"303 E. Oak Street",,,,Mahomet,Champaign,IL,61853,231
6433,,,"902 N. Country Fair Drive, Unit 7",,,,Champaign,Champaign,IL,61820,231
6434,,,"507 W. Springfield Avenue",,,,Urbana,Champaign,IL,61801,231
6435,,,"106 S. Country Fair Drive, Suite C",,,,Champaign,Champaign,IL,61821,231
6436,,,"121 N. Garrard Street, Suite A",,,,Rantoul,Champaign,IL,61866,231
6437,,,"512 E. Main Street",,,,Mahomet,Champaign,IL,61853,231
6438,,,"222 N. State Street",,,,Champaign,Champaign,IL,61820,231
6439,,,"1776 E. Washington Street",,,,Urbana,Champaign,IL,61802,231
6440,,,"Champaign City Building",,,,Champaign,Champaign,IL,61820,231
6441,,,"102 N. Neil Street",,,,Champaign,Champaign,IL,61820,231
6442,,,"201 W. Kenyon Road, Suite 3",,,,Champaign,Champaign,IL,61820,231
6443,,,"809 N. Neil Street",,,,Champaign,Champaign,IL,61820,231
6444,,,"No Street Address Available",,,,Phoenix,Maricopa,AZ,85067,231
6445,,,"1116 Great Plain Avenue",,,,Needham,Norfolk,MA,24920009,231
6446,,,"1710 E. Windsor Road",,,,Urbana,Champaign,IL,61802,231
6447,,,"502 W. Windsor",,,,Champaign,Champaign,IL,61820,231
6448,,,"201 W. Kenyon Road, Suite 1",,,,Champaign,Champaign,IL,61820,231
6449,,,"706 Kenwood Road",,,,Champaign,Champaign,IL,61821,231
6450,,,"2202 E. Washington Street",,,,Urbana,Champaign,IL,61802,231
6451,,,"45 E. University Avenue",,,,Champaign,Champaign,IL,61820,231
6452,,,"210 W. Church Street",,,,Champaign,Champaign,IL,61820,231
6453,,,"1605 N. Willis Avenue",,,,Champaign,Champaign,IL,61821,231
6454,,,"1002 S. Race Street",,,,Urbana,Champaign,IL,61801,231
6455,,,"No Street Address Available",,,,Peoria,Peoria,IL,61602,231
6456,,,"109 Kenwood Road",,,,Champaign,Champaign,IL,61821,231
6457,,,"502 S. Lierman Avenue",,,,Urbana,Champaign,IL,61802,231
6458,,,"200 Constitution Avenue",,,,Washington,"District of Columbia",DC,20210,231
6459,,,"1250 E. U.S. Highway 36",,,,Tuscola,Douglas,IL,61953,231
6460,,,"No Street Address Available",,,,Springfield,Sangamon,IL,62701,231
6461,,,"No Street Address Available",,,,Springfield,Sangamon,IL,62705,231
6462,,,"1001 S. Wright Street",,,,Champaign,Champaign,IL,61820,231
6463,,,"207 S. Prospect Avenue, Suite 1",,,,Bloomington,McLean,IL,61704,231
6464,,,"201 W. Springfield Avenue, Suite 508-509",,,,Champaign,Champaign,IL,61820,231
6465,,,"115 S.W. Adams Street, Room 007",,,,Peoria,Peoria,IL,61602,231
6466,,,"1530 Fairway Drive",,,,Rantoul,Champaign,IL,61866,231
6467,,,"22979 N. Bowman Avenue",,,,Danville,Vermilion,IL,61834,231
6468,,,"101 E. Main Street",,,,Urbana,Champaign,IL,61801,231
6469,,,"101 E. Main Street",,,,Urbana,Champaign,IL,61801,231
6470,,,"115 E. Market Street",,,,Sadorus,Champaign,IL,61872,231
6471,,,"203 E. Adams Street",,,,Mahomet,Champaign,IL,61853,231
6472,,,"116 W. Main Street",,,,Urbana,Champaign,IL,61801,231
6473,,,"One Levee Way, Suite 3116",,,,Newport,Campbell,KY,41071,231
6474,,,"11191 Illinois Route 185",,,,Hillsboro,Montgomery,IL,62049,231
6475,,,"1968 N. Bowman Avenue",,,,Danville,Vermilion,IL,61832,231
6476,,,"1203 Egyptian Trail",,,,Tuscola,Douglas,IL,61953,231
6477,,,"105 E. Main Street",,,,Arcola,Douglas,IL,61910,231
6478,,,"6081 Developmental Drive",,,,Charleston,Coles,IL,61920,231
6479,,,"170 W. Concord Street",,,,Sheldon,Iroquois,IL,60966,231
6480,,,"1501 Interstate Drive, Suite C",,,,Champaign,Champaign,IL,61821,231
6481,,,"2125 S. 1st Street",,,,Champaign,Champaign,IL,61820,231
6482,,,"33 N. LaSalle, Suite 900",,,,Chicago,Cook,IL,60602,231
6483,,,"309 E. Springfield Avenue",,,,Champaign,Champaign,IL,61820,231
6484,,,"300 N. Goodwin Street",,,,Urbana,Champaign,IL,618012173,231
6485,,,"No Street Address Available",,,,Bloomington,McLean,IL,61701,231
6486,,,"701 N. Fairfax Street",,,,Alexandria,"Alexandria City",VA,22314,231
6487,,,"101 E. Main Street",,,,Urbana,Champaign,IL,61801,231
6488,,,"4221 Forbes Boulevard",,,,Lanham,"Prince Georges",MD,20706,231
6489,,,"3450 Cahuenga Blvd W, Suite 602",,,,"Los Angeles","Los Angeles",CA,90068,231
6490,,,"300 E. Monroe Street, Suite 100",,,,Springfield,Sangamon,IL,62701,231
6491,,,,,,,Bethesda,Montgomery,MD,20824,231
6492,,,"207 Statehouse",,,,Springfield,Sangamon,IL,62706,231
6493,,,"No Street Address Available",,,,"Arlington Heights",Cook,IL,60006,231
6494,,,"600 Pennsylvania Ave, NW",,,,Washington,"District of Columbia",DC,20580,231
6495,,,"122 S. Michigan Avenue",,,,Chicago,Cook,IL,60603,231
6496,,,"No Street Address Available",,,,Naperville,DuPage,IL,60567,231
6497,,,"902 Ash Street",,,,Winnetka,Cook,IL,60093,231
6498,,,"111 E. Wacker Drive",,,,Chicago,Cook,IL,60601,231
6499,,,"No Street Address Available",,,,Austin,Travis,TX,78716,231
6500,,,"240 James J. Davis Drive",,,,Mooseheart,Kane,IL,60539,231
6501,,,"23110 Crenshaw Boulevard, Suite A",,,,Torrance,"Los Angeles",CA,90505,231
6502,,,"1 Park Avenue, Suite 1",,,,Portsmouth,Newport,RI,2871,231
6503,,,"6333 E. Mockingbird",,,,Dallas,Dallas,TX,75214,231
6504,,,"3400 Dundee Road, Suite 245",,,,Northbrook,Cook,IL,60062,231
6505,,,,,,,McLean,Fairfax,VA,22102,231
6506,,,"571 W. Jackson Boulevard",,,,Chicago,Cook,IL,60661,231
6507,,,"1201 Savoy Plaza Lane",,,,Savoy,Champaign,IL,61874,231
6508,,,"611 S. Chestnut",,,,Pesotum,Champaign,IL,61863,231
6509,,,"1720 Spillman Drive, Suite 100",,,,Bethlehem,Northampton,PA,18015,231
6510,,,"No Street Address Available",,,,"Wake Forest",Wake,NC,27588,231
6511,,,"300 S. Lincoln Street",,,,Broadlands,Champaign,IL,61816,231
6512,,,"2405 North Shore Drive",,,,Urbana,Champaign,IL,61802,231
6513,,,"1702 E. Oak Street",,,,Mahomet,Champaign,IL,61853,231
6514,,,"100 E. Flessner Avenue",,,,Rantoul,Champaign,IL,61866,231
6515,,,"333 S. Tanner Street",,,,Rantoul,Champaign,IL,61866,231
6516,,,"1210 N. Neil Street",,,,Champaign,Champaign,IL,61820,231
6517,,,"2501 W. Windsor Road",,,,Champaign,Champaign,IL,61822,231
6518,,,"901 W. Illinois Street",,,,Urbana,Champaign,IL,61801,231
6519,,,"239 W. Prairie",,,,Decatur,Macon,IL,62523,231
6520,,,"1510 W. Ottawa Road",,,,Paxton,Ford,IL,60957,231
6521,,,"103 S. Country Fair Drive",,,,Champaign,Champaign,IL,61821,231
6522,,,"703 S. New Street",,,,Champaign,Champaign,IL,61820,231
6523,,,"1001 Heather Drive",,,,Mahomet,Champaign,IL,61853,231
6524,,,"1540 E. Grove Street",,,,Rantoul,Champaign,IL,61866,231
6525,,,"801 N. Walnut",,,,Champaign,Champaign,IL,61820,231
6526,,,"925 E. Ridgely Avenue",,,,Springfield,Sangamon,IL,62702,231
6527,,,"1001 Commerical Drive",,,,Mahomet,Champaign,IL,61853,231
6528,,,"204 N. Main Street, Suite 203",,,,"Saint Joseph",Champaign,IL,61873,231
6529,,,"502 E. Church Street",,,,Champaign,Champaign,IL,61820,231
6530,,,"911 W. Bradley Avenue",,,,Champaign,Champaign,IL,61821,231
6531,,,"113 N. Bourne Street",,,,Tolono,Champaign,IL,61880,231
6532,,,"1301 N. Cunningham Avenue",,,,Urbana,Champaign,IL,61802,231
6533,,,"One Westport Court",,,,Bloomington,McLean,IL,61701,231
6534,,,"101 W. Windsor Road",,,,Urbana,Champaign,IL,618026697,231
6535,,,"270 Remington Boulevard, Suite D",,,,Bolingbrook,Will,IL,60440,231
6536,,,"1691 Elmhurst Road",,,,"Elk Grove Village",Cook,IL,60007,231
6537,,,"33 N. LaSalle Street, #900",,,,Chicago,Cook,IL,60602,231
6538,,,"4 Doctors Park",,,,"Gibson City",Ford,IL,60936,231
6539,,,"1705 N. Maple Avenue",,,,Decatur,Macon,IL,62526,231
6540,,,"109 W. Illinois Street",,,,Urbana,Champaign,IL,61801,231
6541,,,"1501 Interstate Drive, Suite B",,,,Champaign,Champaign,IL,61822,231
6542,,,"309 W. Clark Street",,,,Champaign,Champaign,IL,61820,231
6543,,,"201 Lincoln Square",,,,Urbana,Champaign,IL,61802,231
6544,,,"704 N. Main Street",,,,Tuscola,Douglas,IL,61953,231
6545,,,"No Street Address Available",,,,"New York","New York",NY,10001,231
6546,,,"200 S. Sheldon",,,,Rantoul,Champaign,IL,61866,231
6547,,,"2031 Warehouse Road",,,,Normal,McLean,IL,61761,231
6548,,,"304 E. Vine Street",,,,Tolono,Champaign,IL,61880,231
6549,,,"512 E. Grove Street",,,,Champaign,Champaign,IL,61820,231
6550,,,"909 S. Wright Street",,,,Champaign,Champaign,IL,61820,231
6551,,,"805 S. 6th Street",,,,Champaign,Champaign,IL,61820,231
6552,,,"210 S. Art Bartell Road",,,,Urbana,Champaign,IL,61802,231
6553,,,"No Street Address Available",,,,Evanston,Cook,IL,60201,231
6554,,,"6706 SW 54th Avenue",,,,Portland,Washington,OR,97219,231
6555,,,"No Street Address Available",,,,Northbrook,Cook,IL,60062,231
6556,,,"No Street Address Available",,,,Washington,"District of Columbia",DC,20035,231
6557,,,"9251 Deer Ridge Drive",,,,Bloomington,McLean,IL,61705,231
6558,,,"332 W. Marion Street, Suite N1",,,,Forsyth,Macon,IL,62535,231
6559,,,"2261 Market Street,  Unit 296",,,,"San Francisco","San Francisco",CA,94114,231
6560,,,"101 Broadway #311",,,,Oakland,Alameda,CA,94607,231
6561,,,"No Street Address Available",,,,Champaign,Champaign,IL,61825,231
6562,,,"101 E. Liberty Lane",,,,Danville,Vermilion,IL,61832,231
6563,,,"701 Devonshire Drive",,,,Savoy,Champaign,IL,61874,231
6564,,,"703 S. New",,,,Champaign,Champaign,IL,61820,231
6565,,,"3800 J Street, Suite 100",,,,Sacramento,Sacramento,CA,95818,231
6566,,,"750 Broadway Avenue East",,,,Mattoon,Coles,IL,61938,231
6567,,,"701 Devonshire Drive",,,,Champaign,Champaign,IL,61820,231
6568,,,,,,,Chicago,Cook,IL,60601,231
6569,,,"201 W Kenyon Road",,,,Champaign,Champaign,IL,61820,231
6570,,,"5828 N. Clark Street",,,,Chicago,Cook,IL,60660,231
6571,,,"870 E. Higgins Road, Suite 131",,,,Schaumburg,Cook,IL,60173,231
6572,,,"402 W. Wilson Street",,,,Madison,Dane,WI,53703,231
6573,,,"2200 S. Sixth Street",,,,Springfield,Sangamon,IL,62703,231
6574,,,"No Street Address Available",,,,"Palos Heights",Cook,IL,60463,231
6575,,,"No Street Address Available",,,,Bethesda,Montgomery,MD,20892,231
6576,,,"4989 State Route 37 E",,,,Delaware,Delaware,OH,43015,231
6577,,,"6730 N. Scottsdale Rd, Suite 150",,,,Scottsdale,Maricopa,AZ,85253,231
6578,,,"2001 S. Lincoln Avenue",,,,Urbana,Champaign,IL,61802,231
6579,,,"220 N. Smith Street, Suite 102",,,,Palatine,Cook,IL,60067,231
6580,,,"651 E. 159th Place",,,,"South Holland",Cook,IL,60473,231
6581,,,"425 Spring Lake Drive",,,,Itasca,DuPage,IL,60143,231
6582,,,"100 N. 16th Street",,,,Springfield,Sangamon,IL,62703,231
6583,,,"228 S. Wabash, Suite 800",,,,Chicago,Cook,IL,60604,231
6584,,,"527 E. Capitol Avenue",,,,Springfield,Sangamon,IL,62701,231
6585,,,"217 Winston Avenue",,,,Bartonville,Peoria,IL,61607,231
6586,,,"243 N. Lindbergh Boulevard",,,,"Saint Louis","Saint Louis",MO,63141,231
6587,,,"85 Broad Street, 16th Floor",,,,"New York","New York",NY,10004,231
6588,,,"14600 S. Ravinia",,,,"Orland Park",Cook,IL,60462,231
6589,,,"10101 S. Roberts Road, Suite 205",,,,"Palos Hills",Cook,IL,60465,231
6590,,,"333 John Carlyle Street, Suite 125",,,,Alexandria,"Alexandria City",VA,223145767,231
6591,,,"1600 Clifton Road",,,,Atlanta,Fulton,GA,303294027,231
6592,,,"525 W. Monroe Street",,,,Chicago,Cook,IL,60661,231
6593,,,"4620 Haygood Road, Suite 1",,,,"Virginia Beach","Virginia Beach City",VA,23455,231
6594,,,,,,,Gloucester,Essex,MA,1931,231
6595,,,"70 E. Lake Street, Suite 1500",,,,Chicago,Cook,IL,60601,231
6596,,,"5600 Fishers Lane",,,,Rockville,Montgomery,MD,20857,231
6597,,,"101 W. Congress Parkway",,,,Chicago,Cook,IL,60605,231
6598,,,"4330 E. West Highway",,,,Bethesda,Montgomery,MD,20814,231
6599,,,"2720 South River Road",,,,"Des Plaines",Cook,IL,60018,231
6600,,,"333 N. Michigan Avenue",,,,Chicago,Cook,IL,60601,231
6601,,,,,,,Quakertown,Bucks,PA,18951,231
6602,,,"140 N. Ashland",,,,Chicago,Cook,IL,60607,231
6603,,,"101 E. State Street",,,,"South Elgin",Kane,IL,60177,231
6604,,,"1720 Philo Road",,,,Champaign,Champaign,IL,61820,231
6605,,,"2502 W. Springfield Avenue",,,,Champaign,Champaign,IL,61820,231
6606,,,"122 S. Michigan Avenue (Floors 7 and 20)",,,,Chicago,Cook,IL,60603,231
6607,,,"1839 Frankfort Avenue",,,,Louisville,Jefferson,KY,40206,231
6608,,,"15 E. Main Street",,,,Champaign,Champaign,IL,61820,231
6609,,,"106 W. Flessner Avenue",,,,Rantoul,Champaign,IL,61866,231
6610,,,"No Street Address Available",,,,"San Francisco","San Francisco",CA,94102,231
6611,,,"No Street Address Available",,,,Rockville,Montgomery,MD,20849,231
6612,,,"No Street Address Available",,,,Springfield,Sangamon,IL,62791,231
6613,,,"No Street Address Available",,,,Brooklyn,Kings,NY,11228,231
6614,,,"102 E. Main, Suite 209",,,,Urbana,Champaign,IL,61802,231
6615,,,"1101 E. Colorado Avenue",,,,Urbana,Champaign,IL,61801,231
6616,,,"505 W. University Avenue",,,,Champaign,Champaign,IL,61820,231
6617,,,"801 N. Walnut Street",,,,Champaign,Champaign,IL,61820,231
6618,,,"2302 Moreland Boulevard",,,,Champaign,Champaign,IL,61822,231
6619,,,"3 Henson Place",,,,Champaign,Champaign,IL,61820,231
6620,,,"1400 W. Park Street",,,,Urbana,Champaign,IL,61801,231
6621,,,"611 W Park Street",,,,Urbana,Champaign,IL,61801,231
6660,,,"810 S Wright St",,,,Urbana,,IL,61801,
6661,,,"505 E Armory Ave",,,,Champaign,,IL,61820,
6662,,,"2205 E Main St",,,,Urbana,,IL,61802,
